{"person_age":-0.9535276419,"person_gender":0,"person_education":4,"person_income":-0.1096838991,"person_emp_exp":-0.7273538377,"person_home_ownership":3,"loan_amnt":4.0249087102,"loan_intent":4,"loan_int_rate":1.6830201042,"loan_percent_income":4.0163495163,"cb_person_cred_hist_length":-0.7391003235,"credit_score":-1.4197983033,"previous_loan_defaults_on_file":0}
